Sikayet,Bolum
Son zamanlarda hiçbir şeyden keyif alamıyorum,Psikiyatri
İçim çok daralıyo,Psikiyatri
Geceleri uyuyamıyorum sürekli düşünüyorum,Psikiyatri
Durduk yere ağlama krizlerim oluyor,Psikiyatri
Çok stresliyim ve baş edemiyorum,Psikiyatri
Kimseyle konuşmak istemiyorum,Psikiyatri
Kendimi aşırı yorgun hissediyorum ama sebebini bilmiyorum,Psikiyatri
Sürekli kötü şeyler olacakmış gibi geliyor,Psikiyatri
Panik atak geçiriyorum sanırım,Psikiyatri
Kalabalığa giremiyorum çok geriliyorum,Psikiyatri
Her şeye sinirleniyorum,Psikiyatri
Kafamın içindeki düşünceler susmuyor,Psikiyatri
Son aylarda aşırı kaygı yaşamaya başladım,Psikiyatri
İnsanlardan uzaklaşmak istiyorum,Psikiyatri
Özgüvenim tamamen kayboldu,Psikiyatri
Uyusam bile dinlenmiş kalkamıyorum,Psikiyatri
Sürekli tedirginim,Psikiyatri
Evden çıkmak istemiyorum,Psikiyatri
Takıntılı düşüncelerim var kurtulamıyorum,Psikiyatri
Aşırı unutkan oldum son zamanlarda,Psikiyatri
Hiçbir şeye odaklanamıyorum,Psikiyatri
Kendimi değersiz hissediyorum,Psikiyatri
Gece gece korkuyla uyanıyorum,Psikiyatri
Çok çabuk panik oluyorum,Psikiyatri
Sebepsiz yere kalbim hızlı atınca korkuyorum,Psikiyatri
Sürekli mutsuzum ve nedenini bilmiyorum,Psikiyatri
Herkes bana karşıymış gibi hissediyorum,Psikiyatri
Kafam çok karışık karar veremiyorum,Psikiyatri
Gün içinde defalarca aynı şeyi kontrol ediyorum,Psikiyatri
İştahım tamamen kapandı,Psikiyatri
Aşırı yemek yemeye başladım ve durduramıyorum,Psikiyatri
Uyku düzenim tamamen bozuldu,Psikiyatri
Çok gerginim elim ayağım titriyor,Psikiyatri
İnsan içine çıkınca nefesim daralıyor,Psikiyatri
Sürekli kötü anılar aklıma geliyor,Psikiyatri
Kendimi yalnız hissediyorum,Psikiyatri
Hiç enerjim yok yataktan çıkmak istemiyorum,Psikiyatri
Sürekli ağlayasım geliyor,Psikiyatri
Kendimle ilgili olumsuz düşüncelerim artmaya başladı,Psikiyatri
Kafamda kurduğum şeyler yüzünden rahat edemiyorum,Psikiyatri
Son zamanlarda çok agresif oldum,Psikiyatri
İnsanlara güvenemiyorum,Psikiyatri
Dikkatim çok dağılıyor ders çalışamıyorum,Psikiyatri
Gelecek hakkında aşırı endişeliyim,Psikiyatri
Sanki hep kötü bir haber alacakmışım gibi hissediyorum,Psikiyatri
Bazı günler hiç konuşmak istemiyorum kimseyi görmek istemiyorum,Psikiyatri
Durup dururken korku basıyor ve ne yapacağımı bilemiyorum,Psikiyatri
Kendimi boşlukta hissediyorum hayat anlamsız geliyo,Psikiyatri
Takıntılarım yüzünden günlük işlerimi yapamaz oldum,Psikiyatri
Uzun süredir mutsuzluk ve kaygı şikayetlerim giderek artıyor,Psikiyatri
Dizim çok ağrıyor yürümekte zorlanıyorum,Ortopedi
Ayağımı burktum şişlik inmedi,Ortopedi
Belimde sürekli ağrı hissediyorum,Ortopedi
Boynumu çeviremiyorum tutuldu,Ortopedi
Omzumda ağrı var kolumu kaldıramıyorum,Ortopedi
Kalçamın üstüne oturunca ağrı oluyor,Ortopedi
Diz kapağımda takılma hissi var,Ortopedi
Merdiven çıkarken dizlerim zorlanıyor,Ortopedi
Ayak bileğimde ağrı geçmiyor,Ortopedi
Kolumu hareket ettirince çıt sesi geliyor,Ortopedi
Parmak eklemlerim ağrıyor,Ortopedi
Sırtımda uzun süredir ağrı var,Ortopedi
Bacağımın üzerine basamıyorum,Ortopedi
Topuğum çok ağrıyor,Ortopedi
Spor yaparken dizimi sakatladım,Ortopedi
Bileğimde hareket kısıtlılığı oluştu,Ortopedi
Ayağımın altına basınca acıyor,Ortopedi
Dirseğimde şişlik var,Ortopedi
Belimden bacağıma ağrı vuruyor,Ortopedi
Kuyruk sokumum ağrıyor,Ortopedi
Dizimde sıvı toplanmış olabilir,Ortopedi
Omuzum geceleri daha çok ağrıyor,Ortopedi
Ayak parmağımı hareket ettiremiyorum,Ortopedi
Kasık bölgeme vuran kalça ağrım var,Ortopedi
Yürürken dizim boşalıyor gibi oluyor,Ortopedi
Eklem yerlerimde ağrılar başladı,Ortopedi
Ayak kemiğimi çarptım çok acıyor,Ortopedi
Kolumda güç kaybı hissediyorum,Ortopedi
Dizimde şişme oluştu,Ortopedi
Sırt ağrım sabahları daha kötü,Ortopedi
Ayağımın üstüne basınca sızlıyor,Ortopedi
Bel ağrım nedeniyle eğilemiyorum,Ortopedi
Bacak boylarım farklı gibi hissediyorum,Ortopedi
Dizimde yanma hissi oluşuyor,Ortopedi
Omzumdan ses geliyor,Ortopedi
Kırık şüphesiyle geldim,Ortopedi
Ayak bileğim dönünce ağrı kaldı,Ortopedi
Dirseğimi açıp kapatamıyorum,Ortopedi
Düşmeden sonra kalça ağrım başladı,Ortopedi
Parmaklarımda şekil bozukluğu oluştu,Ortopedi
Belimde tutulma hissi var,Ortopedi
Ayak başparmağımda ağrı var,Ortopedi
Dizimin arkasında şişlik fark ettim,Ortopedi
Kaslarımda zorlanma hissediyorum,Ortopedi
Omurgamda eğrilik olduğunu düşünüyorum,Ortopedi
Bacağımda kısalık hissediyorum,Ortopedi
Eklem hareketlerim kısıtlandı,Ortopedi
Ayağımda çatlak olabilir,Ortopedi
Yürürken kalçamdan ses geliyor,Ortopedi
Diz ağrım yüzünden uyuyamıyorum,Ortopedi
Masa başında çalışınca boynum çok tutuluyor,Fizik Tedavi
Bel ağrım uzun süredir geçmiyor,Fizik Tedavi
Sırt kaslarım çok gergin,Fizik Tedavi
Yürürken topallıyorum,Fizik Tedavi
Kolumu tam açamıyorum,Fizik Tedavi
Boynumdan omzuma ağrı vuruyor,Fizik Tedavi
Bel fıtığım nedeniyle ağrılarım arttı,Fizik Tedavi
Diz ameliyatından sonra hareket etmekte zorlanıyorum,Fizik Tedavi
Kaslarımda güçsüzlük hissediyorum,Fizik Tedavi
Uzun süre ayakta kalınca ağrım oluyor,Fizik Tedavi
Omuz hareketlerim kısıtlandı,Fizik Tedavi
Bacağımda sertlik hissediyorum,Fizik Tedavi
Yürüyüşüm bozuldu,Fizik Tedavi
Kas spazmlarım oluyor,Fizik Tedavi
Sırtımda sürekli tutulma var,Fizik Tedavi
Belimi eğince ağrı hissediyorum,Fizik Tedavi
Duruş bozukluğum olduğunu düşünüyorum,Fizik Tedavi
Merdiven çıkarken zorlanıyorum,Fizik Tedavi
Ayaklarım çabuk yoruluyor,Fizik Tedavi
Boyun düzleşmesi şikayetim var,Fizik Tedavi
Kolumda hareket kısıtlılığı oluştu,Fizik Tedavi
Kaslarım çabuk yoruluyor,Fizik Tedavi
Kalça ağrım yürümemi etkiliyor,Fizik Tedavi
Belimde yanma hissi var,Fizik Tedavi
Boynumu sağa sola çeviremiyorum,Fizik Tedavi
Dizimde hareket ederken ağrı oluyor,Fizik Tedavi
Omzumda donukluk hissi var,Fizik Tedavi
Ayakta durunca belim ağrıyor,Fizik Tedavi
Kaslarımda çekilme hissediyorum,Fizik Tedavi
Bacağımda kuvvet kaybı var,Fizik Tedavi
Sırtımda kamburluk oluştuğunu düşünüyorum,Fizik Tedavi
Kol kaslarım zayıfladı,Fizik Tedavi
Belim kilitleniyor gibi oluyor,Fizik Tedavi
Yataktan kalkarken zorlanıyorum,Fizik Tedavi
Denge problemim başladı,Fizik Tedavi
Yürürken ağrı nedeniyle duruyorum,Fizik Tedavi
Kaslarım sürekli sert,Fizik Tedavi
Omuz ağrım geceleri artıyor,Fizik Tedavi
Bel bölgemde sürekli hassasiyet var,Fizik Tedavi
Boyun ağrım başıma vuruyor,Fizik Tedavi
Ayak bileğim eski sakatlıktan dolayı ağrıyor,Fizik Tedavi
Bacak kaslarımda sertleşme var,Fizik Tedavi
Duruşum giderek bozuluyor,Fizik Tedavi
Egzersiz yaparken ağrım artıyor,Fizik Tedavi
Uzun yürüyüşlerden sonra ağrım oluyor,Fizik Tedavi
Kolumu yukarı kaldırınca acıyor,Fizik Tedavi
Kaslarımda seğirme hissediyorum,Fizik Tedavi
Omurga kaynaklı ağrılarım var,Fizik Tedavi
Boynumda sürekli gerginlik hissediyorum,Fizik Tedavi
Hareket kabiliyetim azaldı,Fizik Tedavi
Dişim çok ağrıyor,Diş Hekimliği
Soğuk su içince dişim sızlıyor,Diş Hekimliği
Diş etlerim kanıyor,Diş Hekimliği
Yirmilik dişim çıktı ağrıyor,Diş Hekimliği
Ağzımda kötü koku var,Diş Hekimliği
Çiğnerken dişim acıyor,Diş Hekimliği
Dişimde çürük olduğunu düşünüyorum,Diş Hekimliği
Diş etim şişti,Diş Hekimliği
Dolgum düştü,Diş Hekimliği
Dişim kırıldı,Diş Hekimliği
Sıcak şeyler yiyince ağrı oluyor,Diş Hekimliği
Diş taşlarım çok arttı,Diş Hekimliği
Ağzımın içinde yara çıktı,Diş Hekimliği
Diş etlerimde çekilme var,Diş Hekimliği
Ön dişim sallanıyor,Diş Hekimliği
Çenem ağrıyor,Diş Hekimliği
Dişlerimi sıkıyorum galiba,Diş Hekimliği
Gece diş gıcırdatıyorum,Diş Hekimliği
Ağız kuruluğu yaşıyorum,Diş Hekimliği
Diş köküm ağrıyor,Diş Hekimliği
Yanak içimde yara oluştu,Diş Hekimliği
Diş teli kontrolüne geldim,Diş Hekimliği
Diş etim iltihaplandı,Diş Hekimliği
Dişlerimde hassasiyet arttı,Diş Hekimliği
Ağzımı tam açamıyorum,Diş Hekimliği
Çürük nedeniyle yemek yiyemiyorum,Diş Hekimliği
Dişimin üstüne basınca ağrıyor,Diş Hekimliği
Dişimde apse olabilir,Diş Hekimliği
Dilimin altında yara çıktı,Diş Hekimliği
Diş etim kızardı,Diş Hekimliği
Çenemden ses geliyor,Diş Hekimliği
Dişlerim sararmaya başladı,Diş Hekimliği
Implant kontrolü için geldim,Diş Hekimliği
Kanal tedavili dişim ağrıyor,Diş Hekimliği
Diş etimde şişlik var,Diş Hekimliği
Tatlı yiyince dişim sızlıyor,Diş Hekimliği
Çiğneme sırasında zorlanıyorum,Diş Hekimliği
Ağzımda sürekli kötü tat var,Diş Hekimliği
Diş aralarım ağrıyor,Diş Hekimliği
Çenem kilitleniyor gibi oluyor,Diş Hekimliği
Diş kökünde baskı hissediyorum,Diş Hekimliği
Diş eti kanamam arttı,Diş Hekimliği
Dişlerimde kırıklar oluştu,Diş Hekimliği
Yüzüm diş ağrısından şişti,Diş Hekimliği
Dişlerimde çarpıklık var,Diş Hekimliği
Ağzımda beyaz yaralar çıktı,Diş Hekimliği
Diş temizliği yaptırmak istiyorum,Diş Hekimliği
Dişimde zonklama hissi var,Diş Hekimliği
Yemek yerken dişim acıyor,Diş Hekimliği
Çenemde baskı hissediyorum,Diş Hekimliği
Midem sürekli yanıyor,Dahiliye
Çok halsiz hissediyorum,Dahiliye
Sürekli susuyorum,Dahiliye
Karın ağrım geçmiyor,Dahiliye
İştahım çok azaldı,Dahiliye
Çabuk yoruluyorum,Dahiliye
Gece terlemelerim oluyor,Dahiliye
Kilo kaybetmeye başladım,Dahiliye
Midem bulanıyor,Dahiliye
Sık sık başım dönüyor,Dahiliye
Kabızlık sorunum var,Dahiliye
İshalim birkaç gündür geçmedi,Dahiliye
Yemeklerden sonra şişkinlik oluyor,Dahiliye
Kan değerlerime baktırmak istiyorum,Dahiliye
Aşırı yorgunluk hissediyorum,Dahiliye
Karnımda gaz problemi var,Dahiliye
Sabahları mide bulantım oluyor,Dahiliye
Demir eksikliğim olabilir,Dahiliye
Vücudumda güçsüzlük hissediyorum,Dahiliye
Karaciğer kontrolü yaptırmak istiyorum,Dahiliye
Şeker hastalığından şüpheleniyorum,Dahiliye
Tansiyonum sık sık yükseliyor,Dahiliye
Sürekli ağız kuruluğu yaşıyorum,Dahiliye
Kilo alamıyorum,Dahiliye
Midemde baskı hissi var,Dahiliye
Yemek yiyince rahatsız oluyorum,Dahiliye
Reflü şikayetim arttı,Dahiliye
Bağırsaklarım düzensiz çalışıyor,Dahiliye
Sabahları halsiz uyanıyorum,Dahiliye
Sürekli üşüyorum,Dahiliye
Vitamin eksikliğim olabilir,Dahiliye
Kansızlık belirtilerim var,Dahiliye
Mide ağrılarım arttı,Dahiliye
Göbek çevremde ağrı hissediyorum,Dahiliye
Kan şekeri ölçtürmek istiyorum,Dahiliye
Sindirim sorunu yaşıyorum,Dahiliye
Kilo vermekte zorlanıyorum,Dahiliye
Sürekli açlık hissediyorum,Dahiliye
Yemeklerden sonra uyku basıyor,Dahiliye
Karın bölgemde rahatsızlık hissediyorum,Dahiliye
Bağırsak hareketlerim değişti,Dahiliye
Midem kazınıyor gibi oluyor,Dahiliye
Tansiyon düşüklüğü yaşıyorum,Dahiliye
Çarpıntıyla birlikte halsizlik oluyor,Dahiliye
Yüzüm soluk görünüyor,Dahiliye
Sürekli yorgun hissediyorum,Dahiliye
Kilo kaybımın nedeni araştırılsın istiyorum,Dahiliye
Kan tahlili yaptırmak istiyorum,Dahiliye
Metabolizmamla ilgili sorun olabilir,Dahiliye
Mide rahatsızlığım günlük hayatımı etkiliyor,Dahiliye
Başım dönüyor dengemi kaybediyorum,Nöroloji
Şiddetli baş ağrılarım oluyor,Nöroloji
Ellerimde uyuşma hissediyorum,Nöroloji
Sık sık migren atağı geçiriyorum,Nöroloji
Yüzümün bir tarafında karıncalanma var,Nöroloji
Kolumda güç kaybı hissediyorum,Nöroloji
Bacağımda uyuşukluk başladı,Nöroloji
Denge sorunum var yürürken sendeleyebiliyorum,Nöroloji
Ara sıra bayılacak gibi oluyorum,Nöroloji
Baş ağrım günlerdir geçmiyor,Nöroloji
Ellerim titriyor,Nöroloji
Gözümde istemsiz seğirmeler oluyor,Nöroloji
Konuşurken kelimeleri karıştırıyorum,Nöroloji
Unutkanlığım arttı,Nöroloji
Sürekli sersemlik hissediyorum,Nöroloji
Kolumda karıncalanma var,Nöroloji
Ayaklarımda hissizlik oluştu,Nöroloji
Başımın arka tarafı ağrıyor,Nöroloji
Nöbet benzeri durumlar yaşıyorum,Nöroloji
Yürürken dengemi koruyamıyorum,Nöroloji
Kulak çınlamasıyla birlikte baş dönmesi oluyor,Nöroloji
Gece ellerim uyuşarak uyanıyorum,Nöroloji
Yüzümde his kaybı hissediyorum,Nöroloji
Sürekli başım dönüyor,Nöroloji
Bir şeylere odaklanmakta zorlanıyorum,Nöroloji
Kaslarımda istemsiz kasılmalar oluyor,Nöroloji
Bacağımda güçsüzlük hissediyorum,Nöroloji
El yazım bozulmaya başladı,Nöroloji
Ayağım sürükleniyor gibi oluyor,Nöroloji
Ani baş dönmeleri yaşıyorum,Nöroloji
Vücudumun bir tarafında uyuşma var,Nöroloji
Migren ağrılarım arttı,Nöroloji
Parmaklarımda karıncalanma hissediyorum,Nöroloji
Sık sık göz kararması oluyor,Nöroloji
Başımın tek tarafı ağrıyor,Nöroloji
Dilim bazen dolaşıyor,Nöroloji
Kas seğirmelerim arttı,Nöroloji
Bilinç bulanıklığı hissediyorum,Nöroloji
Kafamın içinde baskı hissi var,Nöroloji
Sürekli uyku hali yaşıyorum,Nöroloji
Kolumu eskisi kadar güçlü kullanamıyorum,Nöroloji
Ayak tabanlarım uyuşuyor,Nöroloji
Sinir sıkışması olabilir,Nöroloji
Baş ağrısıyla birlikte mide bulantım oluyor,Nöroloji
Denge kaybım giderek arttı,Nöroloji
Hafızam zayıfladı,Nöroloji
Sürekli yorgun ve sersem hissediyorum,Nöroloji
Vücudumda istemsiz titremeler oluyor,Nöroloji
Birkaç kez baygınlık geçirdim,Nöroloji
Geceleri uyuşma şikayetim artıyor,Nöroloji
Gözüm bulanık görüyor,Göz Hastalıkları
Uzağı net göremiyorum,Göz Hastalıkları
Yakını okumakta zorlanıyorum,Göz Hastalıkları
Gözlerimde yanma hissi var,Göz Hastalıkları
Gözüm sürekli sulanıyor,Göz Hastalıkları
Işığa karşı hassasiyet oluştu,Göz Hastalıkları
Gözümde kızarıklık var,Göz Hastalıkları
Göz kapağım şişti,Göz Hastalıkları
Gözüm kaşınıyor,Göz Hastalıkları
Gözümde batma hissi var,Göz Hastalıkları
Çift görmeye başladım,Göz Hastalıkları
Gözümde uçuşan siyah noktalar var,Göz Hastalıkları
Bilgisayara bakınca gözüm ağrıyor,Göz Hastalıkları
Gece görüşüm azaldı,Göz Hastalıkları
Göz kuruluğu yaşıyorum,Göz Hastalıkları
Gözümde çapaklanma oluyor,Göz Hastalıkları
Ani görme kaybı yaşadım,Göz Hastalıkları
Renkleri seçmekte zorlanıyorum,Göz Hastalıkları
Gözümde baskı hissediyorum,Göz Hastalıkları
Lens kullanırken rahatsız oluyorum,Göz Hastalıkları
Göz kapağımda seğirme var,Göz Hastalıkları
Yakın yazıları okuyamıyorum,Göz Hastalıkları
Gözümde ağrı oluştu,Göz Hastalıkları
Sürekli gözlerimi kısmak zorunda kalıyorum,Göz Hastalıkları
Parlak ışıklar rahatsız ediyor,Göz Hastalıkları
Gözümde yabancı cisim varmış gibi hissediyorum,Göz Hastalıkları
Gözüm sık sık kızarıyor,Göz Hastalıkları
Göz numaram değişmiş olabilir,Göz Hastalıkları
Baş ağrısıyla birlikte görme sorunu yaşıyorum,Göz Hastalıkları
Gözlerim çok çabuk yoruluyor,Göz Hastalıkları
Televizyona bakarken bulanık görüyorum,Göz Hastalıkları
Sabahları gözüm çapaklı oluyor,Göz Hastalıkları
Gözümde perde inmiş gibi hissediyorum,Göz Hastalıkları
Uzun süre okuyamıyorum,Göz Hastalıkları
Gözümde ışık çakmaları görüyorum,Göz Hastalıkları
Görüş alanım daraldı,Göz Hastalıkları
Göz kapağım düşmeye başladı,Göz Hastalıkları
Gözümde iltihap olabilir,Göz Hastalıkları
Lens takınca gözüm kızarıyor,Göz Hastalıkları
Ekrana bakınca gözlerim yanıyor,Göz Hastalıkları
Gözlerimde kuruluk ve batma var,Göz Hastalıkları
Gözümde şişlik oluştu,Göz Hastalıkları
Göz tansiyonundan şüpheleniyorum,Göz Hastalıkları
Uzak tabelaları okuyamıyorum,Göz Hastalıkları
Görmem son zamanlarda azaldı,Göz Hastalıkları
Göz çevremde ağrı hissediyorum,Göz Hastalıkları
Gözlerim sürekli yaşarıyor,Göz Hastalıkları
Gece araba kullanırken zorlanıyorum,Göz Hastalıkları
Gözümde enfeksiyon olabilir,Göz Hastalıkları
Bir gözüm diğerinden daha bulanık görüyor,Göz Hastalıkları
Boğazım çok ağrıyor,Kulak Burun Boğaz
Burnum sürekli tıkalı,Kulak Burun Boğaz
Kulaklarımda çınlama var,Kulak Burun Boğaz
Sesim kısıldı,Kulak Burun Boğaz
Yutkunurken zorlanıyorum,Kulak Burun Boğaz
Kulak ağrım var,Kulak Burun Boğaz
Sinüzit ağrılarım arttı,Kulak Burun Boğaz
Burnumdan rahat nefes alamıyorum,Kulak Burun Boğaz
Boğazımda yanma hissi var,Kulak Burun Boğaz
Kulaktan akıntı geliyor,Kulak Burun Boğaz
Koku alamıyorum,Kulak Burun Boğaz
Kulaklarım tıkalı gibi hissediyorum,Kulak Burun Boğaz
Sürekli geniz akıntım var,Kulak Burun Boğaz
Boğazımda bir şey takılmış gibi hissediyorum,Kulak Burun Boğaz
Kulak çınlamam geçmiyor,Kulak Burun Boğaz
Sesim çatallı çıkıyor,Kulak Burun Boğaz
Burnumda et olabilir,Kulak Burun Boğaz
Sık sık bademcik iltihabı oluyorum,Kulak Burun Boğaz
Kulaklarımda basınç hissi var,Kulak Burun Boğaz
Başımı eğince yüzüm ağrıyor,Kulak Burun Boğaz
Burnum sürekli akıyor,Kulak Burun Boğaz
Horlama problemim var,Kulak Burun Boğaz
İşitmem azaldı,Kulak Burun Boğaz
Kulak içinde kaşıntı var,Kulak Burun Boğaz
Boğazım kuruyor,Kulak Burun Boğaz
Burun kanaması yaşıyorum,Kulak Burun Boğaz
Konuşurken sesim yoruluyor,Kulak Burun Boğaz
Kulakta dolgunluk hissi var,Kulak Burun Boğaz
Boğazımda şişlik fark ettim,Kulak Burun Boğaz
Yutkununca kulağıma vuruyor,Kulak Burun Boğaz
Gece burnum tamamen tıkanıyor,Kulak Burun Boğaz
Ağzım açık uyuyorum,Kulak Burun Boğaz
Sinüs bölgemde baskı hissi var,Kulak Burun Boğaz
Boğaz ağrım günlerdir geçmedi,Kulak Burun Boğaz
Kulak iltihabı olabilir,Kulak Burun Boğaz
Burnumdan kötü koku geliyor,Kulak Burun Boğaz
Ses tellerimde sorun olabilir,Kulak Burun Boğaz
Kulaklarımda uğultu var,Kulak Burun Boğaz
Burun kemiğim eğri olabilir,Kulak Burun Boğaz
Boğazımda sürekli gıcık hissi var,Kulak Burun Boğaz
Kulak temizliği yaptırmak istiyorum,Kulak Burun Boğaz
Burnumun bir tarafı hep tıkalı,Kulak Burun Boğaz
Yüzümde sinüs ağrısı var,Kulak Burun Boğaz
Kulağımda işitme kaybı hissediyorum,Kulak Burun Boğaz
Boğazım tahriş olmuş gibi,Kulak Burun Boğaz
Burun tıkanıklığım kronik hale geldi,Kulak Burun Boğaz
Sürekli hapşırıyorum,Kulak Burun Boğaz
Kulak ağrım çeneme vuruyor,Kulak Burun Boğaz
Geniz akıntısı yüzünden öksürüyorum,Kulak Burun Boğaz
Boğazımda sürekli rahatsızlık hissi var,Kulak Burun Boğaz
Göğsümde sıkışma hissediyorum,Kardiyoloji
Kalbim çok hızlı atıyor,Kardiyoloji
Çarpıntım oluyor,Kardiyoloji
Merdiven çıkınca nefes nefese kalıyorum,Kardiyoloji
Göğüs ağrım var,Kardiyoloji
Kalp ritmim düzensiz gibi hissediyorum,Kardiyoloji
Ara ara kalbim tekliyor,Kardiyoloji
Eforla birlikte göğsüm ağrıyor,Kardiyoloji
Tansiyonum sık sık yükseliyor,Kardiyoloji
Tansiyonum çok düşüyor,Kardiyoloji
Kalbimde baskı hissi var,Kardiyoloji
Çok çabuk yoruluyorum,Kardiyoloji
Nefes darlığım arttı,Kardiyoloji
Kalbim yerinden çıkacak gibi atıyor,Kardiyoloji
Göğsümde yanma hissediyorum,Kardiyoloji
Dinlenirken bile çarpıntı oluyor,Kardiyoloji
Kalp hastalığı açısından kontrol olmak istiyorum,Kardiyoloji
Bayılacak gibi oluyorum,Kardiyoloji
Göğsümün ortasında ağrı hissediyorum,Kardiyoloji
Ellerimde ve ayaklarımda şişlik oluyor,Kardiyoloji
Kalbimde düzensiz vurular hissediyorum,Kardiyoloji
Yürürken göğsüm sıkışıyor,Kardiyoloji
Çarpıntıyla birlikte baş dönmesi yaşıyorum,Kardiyoloji
Nefes alırken göğsümde baskı oluyor,Kardiyoloji
Gece çarpıntıyla uyanıyorum,Kardiyoloji
Kalbim çok yavaş atıyor gibi geliyor,Kardiyoloji
Efor kapasitem düştü,Kardiyoloji
Göğüs ağrım sol koluma vuruyor,Kardiyoloji
Kalp kapağı kontrolü yaptırmak istiyorum,Kardiyoloji
Kalbimde üfürüm olduğu söylendi,Kardiyoloji
Ani çarpıntılar yaşıyorum,Kardiyoloji
Merdiven çıkınca göğsüm ağrıyor,Kardiyoloji
Kalp ritmimde bozukluk hissediyorum,Kardiyoloji
Ayak bileklerimde şişlik oluşuyor,Kardiyoloji
Kalbim bazen çok hızlı bazen çok yavaş atıyor,Kardiyoloji
Göğsümde baskı hissi gün boyu sürüyor,Kardiyoloji
Nefes nefese kalmam arttı,Kardiyoloji
Ailemde kalp hastalığı var kontrol istiyorum,Kardiyoloji
Çarpıntı nedeniyle uyuyamıyorum,Kardiyoloji
Göğüs bölgemde rahatsızlık hissediyorum,Kardiyoloji
Tansiyon ilaçlarımı kontrol ettirmek istiyorum,Kardiyoloji
Kalp krizi geçiriyorum gibi hissediyorum,Kardiyoloji
Nabzım çok yüksek çıkıyor,Kardiyoloji
Nabzım düzensiz atıyor,Kardiyoloji
Göğüs ağrım zaman zaman artıyor,Kardiyoloji
Çabuk yorulma şikayetim var,Kardiyoloji
Kalbimde baskı ve sıkışma hissediyorum,Kardiyoloji
Yatınca nefes almak zorlaşıyor,Kardiyoloji
Kalbim çarpıyor ve terliyorum,Kardiyoloji
Kalp sağlığımı kontrol ettirmek istiyorum,Kardiyoloji
Çocuğumun ateşi düşmüyor,Çocuk Sağlığı
Bebeğim sürekli ağlıyor,Çocuk Sağlığı
Çocuğum yemek yemiyor,Çocuk Sağlığı
Çocuğum öksürüyor,Çocuk Sağlığı
Bebeğimde ishal başladı,Çocuk Sağlığı
Çocuğumun boğazı ağrıyor,Çocuk Sağlığı
Çocuğumun burnu akıyor,Çocuk Sağlığı
Bebeğim kusuyor,Çocuk Sağlığı
Çocuğum gece uyuyamıyor,Çocuk Sağlığı
Ateşi sık sık yükseliyor,Çocuk Sağlığı
Çocuğumun kulağı ağrıyor,Çocuk Sağlığı
Bebeğim emmeyi reddediyor,Çocuk Sağlığı
Çocuğumun karnı ağrıyor,Çocuk Sağlığı
Sürekli hapşırıyor,Çocuk Sağlığı
Çocuğum halsiz görünüyor,Çocuk Sağlığı
Bebeğimin cildinde döküntü çıktı,Çocuk Sağlığı
Çocuğum nefes alırken zorlanıyor,Çocuk Sağlığı
Yemek yedikten sonra kusuyor,Çocuk Sağlığı
Çocuğumun gözleri kızardı,Çocuk Sağlığı
Bebeğim çok huzursuz,Çocuk Sağlığı
Çocuğum kilo almıyor,Çocuk Sağlığı
İştahsızlık sorunu yaşıyor,Çocuk Sağlığı
Gece öksürüğü var,Çocuk Sağlığı
Çocuğum sürekli uyumak istiyor,Çocuk Sağlığı
Bebeğimin gaz sancısı var,Çocuk Sağlığı
Çocuğumun dişi çıkıyor galiba,Çocuk Sağlığı
Sürekli ağzını kaşıyor,Çocuk Sağlığı
Ateşle birlikte döküntü çıktı,Çocuk Sağlığı
Çocuğumun sesi kısıldı,Çocuk Sağlığı
Bebeğim çok sık kusuyor,Çocuk Sağlığı
Kabızlık sorunu var,Çocuk Sağlığı
İshal birkaç gündür sürüyor,Çocuk Sağlığı
Çocuğum oyun oynamak istemiyor,Çocuk Sağlığı
Bebeğim çok uyuyor,Çocuk Sağlığı
Çocuğumun lenf bezleri şişmiş,Çocuk Sağlığı
Boğaz enfeksiyonu olabilir,Çocuk Sağlığı
Çocuğumun başı ağrıyor,Çocuk Sağlığı
Sürekli karın ağrısından şikayet ediyor,Çocuk Sağlığı
Bebeğimde pişik oluştu,Çocuk Sağlığı
Öksürük nedeniyle uyuyamıyor,Çocuk Sağlığı
Çocuğumun ateşi geceleri yükseliyor,Çocuk Sağlığı
Yutkunurken ağlıyor,Çocuk Sağlığı
Çocuğumun nefesi hırıltılı geliyor,Çocuk Sağlığı
Bebeğim emmeyi bıraktı,Çocuk Sağlığı
Çocuğum okuldan beri hasta,Çocuk Sağlığı
Sık sık hasta oluyor,Çocuk Sağlığı
Büyüme gelişmesini kontrol ettirmek istiyorum,Çocuk Sağlığı
Çocuğum çok zayıfladı,Çocuk Sağlığı
Bebeğimin göbeğinde şişlik var,Çocuk Sağlığı
Çocuğumun ateşi ve öksürüğü birlikte başladı,Çocuk Sağlığı
Vücudumda kaşıntılar çıktı,Cildiye
Sivilcelerim çok arttı,Cildiye
Cildimde kızarıklık var,Cildiye
Saç dökülmem arttı,Cildiye
Ellerimde egzama oluştu,Cildiye
Yüzümde lekeler çıktı,Cildiye
Cildim çok kuruyor,Cildiye
Kaşıntım geceleri artıyor,Cildiye
Benlerimi kontrol ettirmek istiyorum,Cildiye
Saçım seyrelmeye başladı,Cildiye
Yüzümde sürekli sivilce çıkıyor,Cildiye
Kollarımda döküntü oluştu,Cildiye
Ayaklarımda mantar olabilir,Cildiye
Tırnaklarım kalınlaştı,Cildiye
Derimde soyulmalar oluyor,Cildiye
Kaşıntıdan uyuyamıyorum,Cildiye
Saç diplerim kaşınıyor,Cildiye
Cildimde beyaz lekeler oluştu,Cildiye
Yüzümde kızarıklık geçmiyor,Cildiye
Alerjik döküntüler çıktı,Cildiye
Koltuk altımda tahriş var,Cildiye
Tırnaklarım kırılıyor,Cildiye
Saçım tutam tutam dökülüyor,Cildiye
Cildimde kabarcıklar çıktı,Cildiye
Sedef hastalığından şüpheleniyorum,Cildiye
Yüzümde yağlanma arttı,Cildiye
Kaşlarımda dökülme başladı,Cildiye
Vücudumda kırmızı noktalar oluştu,Cildiye
Ayak parmaklarımda kaşıntı var,Cildiye
Güneşe çıkınca cildim kızarıyor,Cildiye
Cildimde mantar olabilir,Cildiye
Boynumda et beni çıktı,Cildiye
Derimde sertleşme hissediyorum,Cildiye
Yüzümde izler kaldı,Cildiye
Akne tedavisi görmek istiyorum,Cildiye
Tırnaklarımda renk değişikliği var,Cildiye
Saç derimde kepek arttı,Cildiye
Dudak çevrem tahriş oldu,Cildiye
Cildim çok hassaslaştı,Cildiye
Sürekli kaşınıyorum,Cildiye
Vücudumda pullanma var,Cildiye
Kurdeşen döküntüsü çıktı,Cildiye
Yüzümde kahverengi lekeler oluştu,Cildiye
Tırnağımın altında renk değişikliği var,Cildiye
Cildimde iltihaplı yaralar çıktı,Cildiye
Saç ekimi sonrası kontrol olmak istiyorum,Cildiye
Derimde yanma hissi var,Cildiye
Yüzümde şişlik oluştu,Cildiye
Koltuk altında koyulaşma var,Cildiye
Cildimde geçmeyen yaralar var,Cildiye
Kasığımda şişlik fark ettim,Genel Cerrahi
Karın ağrım geçmiyor,Genel Cerrahi
Göbek çevremde ağrı hissediyorum,Genel Cerrahi
Apandisit olabilir diye endişeleniyorum,Genel Cerrahi
Kasığımda fıtık çıkmış gibi duruyor,Genel Cerrahi
Karın bölgemde sertlik hissediyorum,Genel Cerrahi
Safra kesesi ağrım var,Genel Cerrahi
Midemin altında ağrı oluştu,Genel Cerrahi
Karın bölgemde şişlik var,Genel Cerrahi
Karnımın sağ tarafı çok ağrıyor,Genel Cerrahi
Göbeğimde şişlik oluştu,Genel Cerrahi
Yemeklerden sonra karın ağrısı oluyor,Genel Cerrahi
Kasık bölgemde ağrı hissediyorum,Genel Cerrahi
Karın duvarımda kitle fark ettim,Genel Cerrahi
Mememde kitle hissettim,Genel Cerrahi
Yağ bezesi olabilir,Genel Cerrahi
Vücudumda büyüyen bir şişlik var,Genel Cerrahi
Karın ağrım giderek artıyor,Genel Cerrahi
Kasık fıtığından şüpheleniyorum,Genel Cerrahi
Makat çevresinde şişlik var,Genel Cerrahi
Hemoroid şikayetim var,Genel Cerrahi
Makatta ağrı hissediyorum,Genel Cerrahi
Dışkılama sırasında kanama oluyor,Genel Cerrahi
Karnımda baskı hissediyorum,Genel Cerrahi
Apandisit ağrısına benzer ağrım var,Genel Cerrahi
Göbek fıtığım olabilir,Genel Cerrahi
Karın bölgemde ele gelen sertlik var,Genel Cerrahi
Safra taşı kontrolü yaptırmak istiyorum,Genel Cerrahi
Ameliyat sonrası kontrol için geldim,Genel Cerrahi
Makat çevresinde kaşıntı var,Genel Cerrahi
Karnımın sol tarafında ağrı hissediyorum,Genel Cerrahi
Yutkunurken boğazımda kitle hissediyorum,Genel Cerrahi
Koltuk altımda şişlik oluştu,Genel Cerrahi
Boynumda beze fark ettim,Genel Cerrahi
Karın bölgemde yanma hissi var,Genel Cerrahi
Deri altında hareket eden kitle hissediyorum,Genel Cerrahi
Karın ağrısı nedeniyle eğilemiyorum,Genel Cerrahi
Şişlik zamanla büyüyor gibi geliyor,Genel Cerrahi
Makat çevresinde kanama oluyor,Genel Cerrahi
Dışkılarken ağrı hissediyorum,Genel Cerrahi
Karın bölgemde hassasiyet oluştu,Genel Cerrahi
Fıtık ameliyatı sonrası ağrım var,Genel Cerrahi
Karın şişliğim geçmiyor,Genel Cerrahi
Kasık bölgemde baskı hissediyorum,Genel Cerrahi
Karnımda dolgunluk hissediyorum,Genel Cerrahi
Meme kontrolü yaptırmak istiyorum,Genel Cerrahi
Deri altında sert bir kitle oluştu,Genel Cerrahi
Karın bölgemde rahatsızlık hissediyorum,Genel Cerrahi
Safra kesesi kaynaklı ağrı çekiyorum,Genel Cerrahi
Karın ağrım günlük hayatımı etkiliyor,Genel Cerrahi
İdrar yaparken yanma oluyor,Üroloji
Sık sık tuvalete gidiyorum,Üroloji
Böbrek tarafım ağrıyor,Üroloji
İdrarımda kan gördüm,Üroloji
Gece sürekli idrara kalkıyorum,Üroloji
İdrarımı yaparken zorlanıyorum,Üroloji
Kasık bölgemde ağrı hissediyorum,Üroloji
İdrarım koyu renkli geliyor,Üroloji
Mesanemde baskı hissi var,Üroloji
İdrar kaçırma sorunum var,Üroloji
İdrar yapınca tam boşalmamış gibi hissediyorum,Üroloji
Böbrek taşı düşürüyor olabilirim,Üroloji
Yan ağrım çok şiddetli,Üroloji
İdrar yaparken ağrı oluyor,Üroloji
İdrarım kötü kokuyor,Üroloji
Kasıklarımda baskı hissediyorum,Üroloji
İdrar yolu enfeksiyonu olabilir,Üroloji
İdrar akışım zayıfladı,Üroloji
Aniden sıkışma hissi geliyor,Üroloji
İdrarımı tutamıyorum,Üroloji
Böbrek bölgemde hassasiyet var,Üroloji
İdrarda köpüklenme fark ettim,Üroloji
İdrar yaparken kesiklik oluyor,Üroloji
Kasık ağrım günlerdir sürüyor,Üroloji
Böbrek taşı kontrolü yaptırmak istiyorum,Üroloji
İdrarım bulanık geliyor,Üroloji
Gece sık idrara çıkıyorum,Üroloji
Tuvalete yetişemiyorum,Üroloji
İdrar yaparken zorlanma hissediyorum,Üroloji
Mesane bölgemde ağrı var,Üroloji
İdrarımda pıhtı gördüm,Üroloji
Sürekli idrar hissi oluyor,Üroloji
Belden kasığa vuran ağrı var,Üroloji
İdrar yapınca yanma artıyor,Üroloji
Kasık bölgemde şişlik fark ettim,Üroloji
Böbrek ağrım tekrar başladı,Üroloji
İdrar yaparken damlama oluyor,Üroloji
Mesanemi tam boşaltamıyorum,Üroloji
Sık idrara çıkma sorunum arttı,Üroloji
Yan tarafımda kramp şeklinde ağrı var,Üroloji
İdrarımda renk değişikliği oldu,Üroloji
İdrar yolu şikayetlerim sıklaştı,Üroloji
Kasık bölgeme vuran ağrı hissediyorum,Üroloji
İdrar yaparken zorlanıyorum ve ağrıyor,Üroloji
Gece birkaç kez tuvalete kalkıyorum,Üroloji
Böbrek taşı geçmişim var tekrar ağrıyor,Üroloji
İdrarımda yanma ve sıkışma var,Üroloji
Mesane enfeksiyonu olabilir,Üroloji
İdrar şikayetlerim günlük hayatımı etkiliyor,Üroloji
Böbreklerimde problem olabilir diye düşünüyorum,Üroloji
Başımı çarptıktan sonra ağrılarım başladı,Beyin Cerrahisi
Bel fıtığım çok ilerledi,Beyin Cerrahisi
Boynumdan koluma ağrı vuruyor,Beyin Cerrahisi
Omurgamda eğrilik olduğunu düşünüyorum,Beyin Cerrahisi
Bacaklarımda güç kaybı başladı,Beyin Cerrahisi
Sinir sıkışması şikayetim var,Beyin Cerrahisi
Belimden ayağıma ağrı vuruyor,Beyin Cerrahisi
Boyun fıtığından şüpheleniyorum,Beyin Cerrahisi
Omurga ağrım giderek artıyor,Beyin Cerrahisi
Kolumda uyuşma var,Beyin Cerrahisi
Bacağımda hissizlik oluştu,Beyin Cerrahisi
Yürürken zorlanıyorum,Beyin Cerrahisi
Belimde sürekli ağrı hissediyorum,Beyin Cerrahisi
Boynumu hareket ettirince ağrı oluyor,Beyin Cerrahisi
Omurgamda baskı hissediyorum,Beyin Cerrahisi
Ayaklarımda güçsüzlük hissediyorum,Beyin Cerrahisi
Bel fıtığı ameliyatı sonrası kontrol istiyorum,Beyin Cerrahisi
Boyun bölgemde tutulma var,Beyin Cerrahisi
Sırtımdan bacağıma ağrı yayılıyor,Beyin Cerrahisi
Kolumda kuvvet kaybı hissediyorum,Beyin Cerrahisi
Bel ağrım nedeniyle eğilemiyorum,Beyin Cerrahisi
Omurilikle ilgili sorun olabilir,Beyin Cerrahisi
Parmaklarım uyuşuyor,Beyin Cerrahisi
Belden kalçaya ağrı vuruyor,Beyin Cerrahisi
Bacağım sürükleniyor gibi oluyor,Beyin Cerrahisi
Boyun ağrım omzuma vuruyor,Beyin Cerrahisi
Düşme sonrası sırt ağrım başladı,Beyin Cerrahisi
Ayaklarımda karıncalanma hissi var,Beyin Cerrahisi
Belimde yanma hissediyorum,Beyin Cerrahisi
Omurgamda şekil bozukluğu fark ettim,Beyin Cerrahisi
Kolumu kaldırmakta zorlanıyorum,Beyin Cerrahisi
Bacağımda kuvvet kaybı arttı,Beyin Cerrahisi
Belimde kilitlenme hissi oluyor,Beyin Cerrahisi
Boyun hareketlerim kısıtlandı,Beyin Cerrahisi
Omurga kaynaklı ağrılarım var,Beyin Cerrahisi
Sinirlerime baskı varmış gibi hissediyorum,Beyin Cerrahisi
Belimde elektrik çarpması gibi ağrı oluyor,Beyin Cerrahisi
Koluma yayılan uyuşmalar başladı,Beyin Cerrahisi
Ayakta durunca belim ağrıyor,Beyin Cerrahisi
Boynumdan başıma ağrı vuruyor,Beyin Cerrahisi
Bel ağrım geceleri artıyor,Beyin Cerrahisi
Omurgamda hassasiyet oluştu,Beyin Cerrahisi
Bacak ağrım yürümemi engelliyor,Beyin Cerrahisi
Bel fıtığı belirtilerim arttı,Beyin Cerrahisi
Boynumda sinir sıkışması olabilir,Beyin Cerrahisi
Duruş bozukluğum giderek arttı,Beyin Cerrahisi
Sırt ağrım kronik hale geldi,Beyin Cerrahisi
Belimde baskı ve ağrı hissediyorum,Beyin Cerrahisi
Kol ve bacaklarımda uyuşma var,Beyin Cerrahisi
Omurga kontrolü yaptırmak istiyorum,Beyin Cerrahisi
Nefes almakta zorlanıyorum,Göğüs Hastalıkları
Uzun süredir öksürüyorum,Göğüs Hastalıkları
Balgam çıkarıyorum,Göğüs Hastalıkları
Göğsümden hırıltı geliyor,Göğüs Hastalıkları
Merdiven çıkınca nefesim kesiliyor,Göğüs Hastalıkları
Gece öksürükten uyuyamıyorum,Göğüs Hastalıkları
Öksürüğüm haftalardır geçmedi,Göğüs Hastalıkları
Derin nefes alınca ağrı oluyor,Göğüs Hastalıkları
Göğsümde doluluk hissi var,Göğüs Hastalıkları
Nefes darlığım arttı,Göğüs Hastalıkları
Balgamımın rengi değişti,Göğüs Hastalıkları
Sürekli boğaz temizleme ihtiyacı hissediyorum,Göğüs Hastalıkları
Hırıltılı nefes alıyorum,Göğüs Hastalıkları
Göğsümde yanma hissediyorum,Göğüs Hastalıkları
Astım belirtilerim arttı,Göğüs Hastalıkları
Öksürürken göğsüm ağrıyor,Göğüs Hastalıkları
Nefes alırken zorlanıyorum,Göğüs Hastalıkları
Balgamlı öksürüğüm var,Göğüs Hastalıkları
Sigara sonrası nefes darlığım arttı,Göğüs Hastalıkları
Göğüs bölgemde baskı hissediyorum,Göğüs Hastalıkları
Sürekli kuru öksürük yaşıyorum,Göğüs Hastalıkları
Gece nefesim daralıyor,Göğüs Hastalıkları
Akciğerlerimde sorun olabilir,Göğüs Hastalıkları
Çabuk yoruluyorum ve nefessiz kalıyorum,Göğüs Hastalıkları
Öksürürken balgam geliyor,Göğüs Hastalıkları
Nefes verirken ıslık sesi çıkıyor,Göğüs Hastalıkları
Soğuk havada nefes almak zorlaşıyor,Göğüs Hastalıkları
Göğsüm sıkışıyor gibi hissediyorum,Göğüs Hastalıkları
Uzun süredir sigara kullanıyorum,Göğüs Hastalıkları
Nefes kapasitem azaldı,Göğüs Hastalıkları
Göğüs ağrısıyla birlikte öksürük var,Göğüs Hastalıkları
Astım kontrolü yaptırmak istiyorum,Göğüs Hastalıkları
Balgamım yoğunlaştı,Göğüs Hastalıkları
Gece öksürük krizleri oluyor,Göğüs Hastalıkları
Akciğer filmi çektirmek istiyorum,Göğüs Hastalıkları
Nefes darlığım günlük hayatımı etkiliyor,Göğüs Hastalıkları
Öksürüğüm sabahları daha fazla,Göğüs Hastalıkları
Göğsümde rahatsızlık hissediyorum,Göğüs Hastalıkları
Hırıltılı solunumum var,Göğüs Hastalıkları
Nefes alırken göğsüm ağrıyor,Göğüs Hastalıkları
Balgam çıkarırken zorlanıyorum,Göğüs Hastalıkları
Öksürüğüm birkaç aydır sürüyor,Göğüs Hastalıkları
Nefes darlığı nedeniyle yürüyemiyorum,Göğüs Hastalıkları
Göğsümde ağırlık hissi oluşuyor,Göğüs Hastalıkları
KOAH kontrolü yaptırmak istiyorum,Göğüs Hastalıkları
Sürekli nefes açlığı hissediyorum,Göğüs Hastalıkları
Öksürükle birlikte halsizlik var,Göğüs Hastalıkları
Akciğer enfeksiyonu olabilir,Göğüs Hastalıkları
Göğsümden ses geliyor,Göğüs Hastalıkları
Solunum şikayetlerim giderek arttı,Göğüs Hastalıkları
Bacaklarımda damarlar belirginleşti,Kalp ve Damar Cerrahisi
Varislerim ağrı yapıyor,Kalp ve Damar Cerrahisi
Ayaklarımda şişlik oluyor,Kalp ve Damar Cerrahisi
Yürürken baldırım ağrıyor,Kalp ve Damar Cerrahisi
Damar tıkanıklığı şüphesi var,Kalp ve Damar Cerrahisi
Bacaklarımda uyuşma hissediyorum,Kalp ve Damar Cerrahisi
Varislerim giderek arttı,Kalp ve Damar Cerrahisi
Bacaklarımda ağırlık hissi var,Kalp ve Damar Cerrahisi
Ayaklarım çabuk üşüyor,Kalp ve Damar Cerrahisi
Yürüyünce bacak ağrım oluyor,Kalp ve Damar Cerrahisi
Bacağımda şişlik fark ettim,Kalp ve Damar Cerrahisi
Damarlarım kabarık görünüyor,Kalp ve Damar Cerrahisi
Baldırımda kramp giriyor,Kalp ve Damar Cerrahisi
Bacak ağrım dinlenince geçiyor,Kalp ve Damar Cerrahisi
Ayak parmaklarım morarıyor,Kalp ve Damar Cerrahisi
Damarlarımda yanma hissediyorum,Kalp ve Damar Cerrahisi
Bacaklarımda dolaşım bozukluğu olabilir,Kalp ve Damar Cerrahisi
Ayaklarımda hissizlik oluyor,Kalp ve Damar Cerrahisi
Yürürken bacaklarım yoruluyor,Kalp ve Damar Cerrahisi
Bacağımda damar boyunca ağrı hissediyorum,Kalp ve Damar Cerrahisi
Ayaklarımda renk değişikliği fark ettim,Kalp ve Damar Cerrahisi
Varis çorabı kullanıyorum kontrol olmak istiyorum,Kalp ve Damar Cerrahisi
Bacaklarımda gece krampları oluyor,Kalp ve Damar Cerrahisi
Ayakta uzun süre kalınca ağrı oluyor,Kalp ve Damar Cerrahisi
Damarlarımda şişkinlik oluştu,Kalp ve Damar Cerrahisi
Ayak bileklerimde ödem oluşuyor,Kalp ve Damar Cerrahisi
Bacaklarımda zonklama hissediyorum,Kalp ve Damar Cerrahisi
Yürürken baldırım kasılıyor,Kalp ve Damar Cerrahisi
Bacağımda damar tıkanıklığı olabilir,Kalp ve Damar Cerrahisi
Ayaklarım soğuk kalıyor,Kalp ve Damar Cerrahisi
Damar ameliyatı sonrası kontrol istiyorum,Kalp ve Damar Cerrahisi
Varislerim kaşınıyor,Kalp ve Damar Cerrahisi
Bacaklarımda mor damarlar çıktı,Kalp ve Damar Cerrahisi
Yürüyüş sırasında ağrı hissediyorum,Kalp ve Damar Cerrahisi
Ayaklarımda uyuşma arttı,Kalp ve Damar Cerrahisi
Bacaklarımda karıncalanma var,Kalp ve Damar Cerrahisi
Damarlarımın görüntüsü bozuldu,Kalp ve Damar Cerrahisi
Ayaklarımda yara geç iyileşiyor,Kalp ve Damar Cerrahisi
Baldırımda sertlik hissediyorum,Kalp ve Damar Cerrahisi
Bacak damarlarım şişti,Kalp ve Damar Cerrahisi
Ayakta durunca damar ağrım oluyor,Kalp ve Damar Cerrahisi
Damar hastalığı açısından kontrol istiyorum,Kalp ve Damar Cerrahisi
Bacaklarımda çekilme hissi var,Kalp ve Damar Cerrahisi
Ayaklarımda dolaşım sorunu olabilir,Kalp ve Damar Cerrahisi
Yürürken ayaklarım uyuşuyor,Kalp ve Damar Cerrahisi
Varis ağrılarım geceleri artıyor,Kalp ve Damar Cerrahisi
Bacaklarımda damar genişlemesi var,Kalp ve Damar Cerrahisi
Ayak bileklerim sürekli şişiyor,Kalp ve Damar Cerrahisi
Damar kaynaklı ağrılarım var,Kalp ve Damar Cerrahisi
Bacaklarımdaki damarlar için muayene olmak istiyorum,Kalp ve Damar Cerrahisi
Adetlerim düzensiz geliyor,Kadın Doğum
Hamile olabilirim,Kadın Doğum
Kasık ağrım var,Kadın Doğum
Adet sancılarım çok şiddetli,Kadın Doğum
Vajinal akıntım arttı,Kadın Doğum
Gebelik takibi yaptırmak istiyorum,Kadın Doğum
Adetim gecikti,Kadın Doğum
Kasıklarımda batma hissi var,Kadın Doğum
Hamilelik testi pozitif çıktı,Kadın Doğum
Adet kanamam çok fazla oluyor,Kadın Doğum
Vajinal kaşıntım var,Kadın Doğum
Gebelik kontrolüne geldim,Kadın Doğum
Adetlerim çok düzensizleşti,Kadın Doğum
Hamilelik belirtileri yaşıyorum,Kadın Doğum
Kasık bölgemde baskı hissediyorum,Kadın Doğum
Akıntımın rengi değişti,Kadın Doğum
Adet dönemlerim ağrılı geçiyor,Kadın Doğum
Gebe kalmak istiyorum,Kadın Doğum
Kistim olabilir diye düşünüyorum,Kadın Doğum
Vajinal yanma hissediyorum,Kadın Doğum
Adetim normalden uzun sürdü,Kadın Doğum
Hamilelikte mide bulantım çok arttı,Kadın Doğum
Kasık ağrım günlerdir geçmiyor,Kadın Doğum
Adetim erken geldi,Kadın Doğum
Düzensiz kanamalarım oluyor,Kadın Doğum
Vajinal enfeksiyon olabilir,Kadın Doğum
Gebelik planlıyorum,Kadın Doğum
Adet göremiyorum,Kadın Doğum
Kasık bölgemde şişlik hissediyorum,Kadın Doğum
Gebelik testi yaptırmak istiyorum,Kadın Doğum
Vajinal bölgede rahatsızlık hissediyorum,Kadın Doğum
Adet kanamam çok azaldı,Kadın Doğum
Gebelikte kontrol olmak istiyorum,Kadın Doğum
Kasıklarıma vuran ağrılar oluyor,Kadın Doğum
Yumurtalık kisti kontrolü istiyorum,Kadın Doğum
Adet öncesi ağrılarım arttı,Kadın Doğum
Hamileliğimde lekelenme oldu,Kadın Doğum
Vajinal kuruluk yaşıyorum,Kadın Doğum
Adet düzensizliğim uzun süredir devam ediyor,Kadın Doğum
Gebelik haftamı öğrenmek istiyorum,Kadın Doğum
Kasık bölgemde sürekli ağrı hissediyorum,Kadın Doğum
Akıntım kötü kokuyor,Kadın Doğum
Adet sancılarımdan günlük işlerimi yapamıyorum,Kadın Doğum
Hamilelikte kanama yaşadım,Kadın Doğum
Polikistik over olabilir,Kadın Doğum
Vajinal bölgede ağrı hissediyorum,Kadın Doğum
Gebelikte bebeğin gelişimini kontrol ettirmek istiyorum,Kadın Doğum
Adet dönemim çok düzensiz,Kadın Doğum
Kasık ağrısıyla birlikte akıntım var,Kadın Doğum
Kadın hastalıkları açısından genel kontrol yaptırmak istiyorum,Kadın Doğum